Workbook

Sheet Dashboard
A1: DevOps + AWS Job Switch Dashboard (Updated)
A3: Overall study progress (%) | B3: =AVERAGE('Study Tracker'!H2:H92) | D3: Added in this version
A4: Hours studied (actual) | B4: =SUM('Study Tracker'!F2:F92) | D4: • Included: Tomcat, Nginx, PostgreSQL, SonarQube. • Optional extras: Ansible, Nexus/Artifactory, Argo CD/Flux (GitOps). • Add any company-specific tool in Skills Checklist and create a hands-on task in Study Tracker.
A5: Topics done (count) | B5: =COUNTIF('Study Tracker'!G2:G92,"Done")
A6: Skills done (count) | B6: =COUNTIF('Skills Checklist'!E2:E200,"Done")
A7: Applications submitted | B7: =COUNTIF(Applications!F2:F201,"Applied") + COUNTIF(Applications!F2:F201,"HR Screen") + COUNTIF(Applications!F2:F201,"Tech Round") + COUNTIF(Applications!F2:F201,"Assignment") + COUNTIF(Applications!F2:F201,"Onsite/Final") + COUNTIF(Applications!F2:F201,"Offer") + COUNTIF(Applications!F2:F201,"Rejected")
A8: Interviews (HR+Tech) | B8: =COUNTIF(Applications!F2:F201,"HR Screen") + COUNTIF(Applications!F2:F201,"Tech Round") + COUNTIF(Applications!F2:F201,"Onsite/Final")
A9: Offers | B9: =COUNTIF(Applications!F2:F201,"Offer")

Sheet Roadmap
A1: Week | B1: Focus | C1: Topics | D1: Deliverables | E1: Suggested resources
A2: 1 | B2: Foundations | C2: Linux basics (files, permissions, processes, systemd), Git basics, networking basics | D2: Set up dev environment; GitHub repo; Linux notes | E2: Linux man pages; Pro Git
A3: 2 | B3: Scripting + App Basics | C3: Bash scripting essentials; Python for DevOps; Intro to app runtime: Java + Tomcat basics (deploy WAR, logs) | D3: Write 5 automation scripts; deploy a sample WAR on Tomcat locally | E3: Python docs; TLDP Bash; Tomcat docs
A4: 3 | B4: Web + Containers | C4: Nginx basics (reverse proxy, load balancing, TLS termination); Docker (images, volumes, networks, Compose) | D4: Reverse-proxy your app with Nginx; containerize a sample app | E4: Nginx docs; Docker docs
A5: 4 | B5: CI/CD + Code Quality | C5: Pipelines (GitHub Actions/Jenkins), artifacts, environments; SonarQube (static analysis) integration | D5: CI pipeline: test + build + docker image + SonarQube scan | E5: GitHub Actions/Jenkins docs; SonarQube docs
A6: 5 | B6: Kubernetes I | C6: Pods, deployments, services, configmaps/secrets; basic troubleshooting | D6: Deploy app to local K8s (kind/minikube) | E6: Kubernetes docs
A7: 6 | B7: Kubernetes II | C7: Ingress, HPA, storage; Helm basics; Nginx Ingress controller concepts | D7: Helm chart; ingress + autoscaling demo | E7: Helm docs; K8s ingress docs
A8: 7 | B8: IaC | C8: Terraform fundamentals, modules, state, remote backend; reusable patterns | D8: Terraform: VPC + EC2 + SG + outputs; store state remotely | E8: Terraform docs
A9: 8 | B9: AWS Core + Database | C9: IAM, VPC, EC2, S3, ALB/ASG; PostgreSQL basics (users/roles, backup/restore); AWS RDS for PostgreSQL | D9: Build HA web stack; create RDS Postgres and connect app | E9: AWS docs; PostgreSQL docs
A10: 9 | B10: AWS Containers | C10: ECR, ECS/EKS basics, Fargate; deployment patterns | D10: Deploy container to ECS or EKS | E10: AWS ECS/EKS docs
A11: 10 | B11: Observability | C11: CloudWatch logs/metrics/alarms; tracing basics; Prometheus/Grafana concepts | D11: Dashboards + alarms; define basic SLO/SLA | E11: CloudWatch; Prometheus docs
A12: 11 | B12: Security + Best Practices | C12: Least privilege, secrets, patching, TLS; Well-Architected; cost basics; vulnerability scanning concepts | D12: Security review + cost estimate; secrets plan | E12: AWS Well-Architected
A13: 12 | B13: Interview + Job Switch | C13: Resume, STAR stories, debugging drills, mock interviews; system design for DevOps | D13: 2–3 projects polished; 30+ applications; 5 mock interviews | E13: Interview prep
A15: How to update the plan
A16: • Add new topics by inserting rows in Study Tracker or Skills Checklist. • If your job requires specific tools (Tomcat/Nginx/Postgres/SonarQube), add them under Skills Checklist and create hands-on tasks in Study Tracker. • Extend roadmap by copying rows and continuing Week 13+. • Keep proof links (GitHub, screenshots, docs) in Evidence columns. Dashboard updates automatically.

Sheet Daily Timetable
A1: Time Slot | B1: Mon | C1: Tue | D1: Wed | E1: Thu | F1: Fri | G1: Sat | H1: Sun
A2: 06:30-07:30 | B2: Linux/Git | C2: Networking | D2: Python/Bash | E2: Docker | F2: K8s | G2: Terraform | H2: AWS
A3: 07:30-08:30 | B3: Tomcat/App | C3: Nginx | D3: PostgreSQL | E3: SonarQube | F3: CI/CD | G3: Project | H3: Project
A4: 20:00-21:00 | B4: Hands-on lab | C4: Hands-on lab | D4: Hands-on lab | E4: Hands-on lab | F4: Hands-on lab | G4: Deep dive | H4: Review
A5: 21:00-22:00 | B5: Notes + quiz | C5: Notes + quiz | D5: Notes + quiz | E5: Notes + quiz | F5: Interview Qs | G5: Apply jobs | H5: Plan next week
A7: Tip: Keep 60% hands-on labs/projects. Use weekends for project + job applications.

Sheet Study Tracker
A1: Date | B1: Category | C1: Topic | D1: Subtopic | E1: Planned Hours | F1: Actual Hours | G1: Status | H1: % Complete | I1: Evidence/Link | J1: Notes
A2: 2026-02-17 | G2: Not started | H2: =IF(G2=Done,100,IF(G{r}=In progress,50,0))
A3: 2026-02-18 | G3: Not started | H3: =IF(G3=Done,100,IF(G{r}=In progress,50,0))
A4: 2026-02-19 | G4: Not started | H4: =IF(G4=Done,100,IF(G{r}=In progress,50,0))
A5: 2026-02-20 | G5: Not started | H5: =IF(G5=Done,100,IF(G{r}=In progress,50,0))
A6: 2026-02-21 | G6: Not started | H6: =IF(G6=Done,100,IF(G{r}=In progress,50,0))
A7: 2026-02-22 | G7: Not started | H7: =IF(G7=Done,100,IF(G{r}=In progress,50,0))
A8: 2026-02-23 | G8: Not started | H8: =IF(G8=Done,100,IF(G{r}=In progress,50,0))
A9: 2026-02-24 | G9: Not started | H9: =IF(G9=Done,100,IF(G{r}=In progress,50,0))
A10: 2026-02-25 | G10: Not started | H10: =IF(G10=Done,100,IF(G{r}=In progress,50,0))
A11: 2026-02-26 | G11: Not started | H11: =IF(G11=Done,100,IF(G{r}=In progress,50,0))
A12: 2026-02-27 | G12: Not started | H12: =IF(G12=Done,100,IF(G{r}=In progress,50,0))
A13: 2026-02-28 | G13: Not started | H13: =IF(G13=Done,100,IF(G{r}=In progress,50,0))
... A91: 2026-05-17 | G91: Not started | H91: =IF(G91=Done,100,IF(G{r}=In progress,50,0))

Sheet Skills Checklist
A1: Domain | B1: Skill | C1: Target Level | D1: Current Level | E1: Status | F1: % | G1: Evidence/Link | H1: Notes
A2: Linux | B2: Processes, systemd, permissions, logs | C2: Intermediate | E2: Not started | F2: =IF(E2=Done,100,IF(E{r}=In progress,50,0))
A3: Git | B3: Branching, PR workflow, rebase, tags | C3: Intermediate | E3: Not started | F3: =IF(E3=Done,100,IF(E{r}=In progress,50,0))
A4: Networking | B4: DNS, HTTP/HTTPS, TLS, CIDR, routing, NAT | C4: Intermediate | E4: Not started | F4: =IF(E4=Done,100,IF(E{r}=In progress,50,0))
A5: Scripting | B5: Bash automation | C5: Intermediate | E5: Not started | F5: =IF(E5=Done,100,IF(E{r}=In progress,50,0))
A6: Python | B6: Automation scripts, APIs, boto3 basics | C6: Intermediate | E6: Not started | F6: =IF(E6=Done,100,IF(E{r}=In progress,50,0))
A7: Web | B7: Nginx reverse proxy, load balancing, TLS | C7: Intermediate | E7: Not started | F7: =IF(E7=Done,100,IF(E{r}=In progress,50,0))
A8: App Server | B8: Tomcat deploy (WAR), config, logs | C8: Intermediate | E8: Not started | F8: =IF(E8=Done,100,IF(E{r}=In progress,50,0))
A9: Database | B9: PostgreSQL basics (users/roles, queries, backup/restore) | C9: Intermediate | E9: Not started | F9: =IF(E9=Done,100,IF(E{r}=In progress,50,0))
A10: Containers | B10: Docker images, layers, Compose | C10: Intermediate | E10: Not started | F10: =IF(E10=Done,100,IF(E{r}=In progress,50,0))
A11: CI/CD | B11: Pipelines, environments, rollback | C11: Intermediate | E11: Not started | F11: =IF(E11=Done,100,IF(E{r}=In progress,50,0))
A12: Quality | B12: SonarQube: scans, quality gates, pipeline integration | C12: Intermediate | E12: Not started | F12: =IF(E12=Done,100,IF(E{r}=In progress,50,0))
A13: Kubernetes | B13: Deployments, services, ingress, helm | C13: Intermediate | E13: Not started | F13: =IF(E13=Done,100,IF(E{r}=In progress,50,0))
... A22: GitOps (Optional) | B22: Argo CD / Flux concepts | C22: Beginner | E22: Not started | F22: =IF(E22=Done,100,IF(E{r}=In progress,50,0))

Sheet Projects
A1: Project | B1: Goal | C1: Tech Stack | D1: Repo/Link | E1: Start Date | F1: End Date | G1: Status | H1: % | I1: Notes
A2: Nginx + Tomcat Deployment | B2: Run a Java app on Tomcat behind Nginx reverse proxy with TLS | C2: Nginx, Tomcat, Linux | G2: Not started | H2: =IF(G2=Done,100,IF(G{r}=In progress,50,0))
A3: CI/CD + SonarQube | B3: Pipeline with tests, build, Docker image and SonarQube quality gate | C3: GitHub Actions/Jenkins, SonarQube, Docker | G3: Not started | H3: =IF(G3=Done,100,IF(G{r}=In progress,50,0))
A4: Terraform AWS Stack + RDS | B4: Provision VPC + EC2/ALB/ASG + RDS PostgreSQL + monitoring | C4: Terraform, AWS, RDS, CloudWatch | G4: Not started | H4: =IF(G4=Done,100,IF(G{r}=In progress,50,0))
A5: K8s + Helm Release | B5: Deploy the app to Kubernetes using Helm with ingress and autoscaling | C5: Kubernetes, Helm, Ingress | G5: Not started | H5: =IF(G5=Done,100,IF(G{r}=In progress,50,0))

Sheet Applications
A1: Date | B1: Company | C1: Role | D1: Location/Remote | E1: Job Link | F1: Stage | G1: Follow-up Date | H1: Contact | I1: Notes
C2: DevOps Engineer / AWS | F2: Applied
C3: DevOps Engineer / AWS | F3: Applied
C4: DevOps Engineer / AWS | F4: Applied
C5: DevOps Engineer / AWS | F5: Applied
C6: DevOps Engineer / AWS | F6: Applied
C7: DevOps Engineer / AWS | F7: Applied
C8: DevOps Engineer / AWS | F8: Applied
C9: DevOps Engineer / AWS | F9: Applied
C10: DevOps Engineer / AWS | F10: Applied
C11: DevOps Engineer / AWS | F11: Applied
C12: DevOps Engineer / AWS | F12: Applied
C13: DevOps Engineer / AWS | F13: Applied
... C201: DevOps Engineer / AWS | F201: Applied
